{
  "4": {
    "runtime": [4.710891008377075, 5.264591932296753, 6.972440481185913, 7.674553871154785, 15.370999097824097, 19.83608078956604, 24.661706924438477, 29.33943271636963, 1.7430388927459717],
    "size": [165896640, 165896640, 165896640, 165896640, 165896640, 165896640, 165896640, 165896640, 165896640, 165896640, 165896640, 165896640],
    "cloud_cost": [15, 10, 5, 0, 60, 40, 20, 0, 0],
    "knob_config": [0, 0, 0, 0, 1, 1, 1, 1, 2]
  },
  "8": {
    "runtime": [4.116574048995972, 12.431800127029419, 13.229700565338135, 15.308343172073364, 1.259800910949707],
    "size": [165896640, 165896640, 165896640, 165896640, 165896640, 165896640, 165896640, 165896640, 165896640, 165896640, 165896640, 165896640],
    "cloud_cost": [0, 40, 20, 0, 0],
    "knob_config": [0, 1, 1, 1, 2]
  },
  "16": {
    "runtime": [3.844309997558594, 9.699777984619141, 1.310373306274414],
    "size": [165896640, 165896640, 165896640, 165896640, 165896640, 165896640, 165896640, 165896640, 165896640, 165896640, 165896640, 165896640],
    "cloud_cost": [0, 0, 0],
    "knob_config": [0, 1, 2]
  },
  "32": {
    "runtime": [2.8502700328826904, 6.271259117126465, 1.2145368576049804],
    "size": [165896640, 165896640, 165896640, 165896640, 165896640, 165896640, 165896640, 165896640, 165896640, 165896640, 165896640, 165896640],
    "cloud_cost": [0, 0, 0],
    "knob_config": [0, 1, 2]
  },
  "60": {
    "runtime": [1.2843936443328858, 2.732179641723633, 0.8929115772247315],
    "size": [165896640, 165896640, 165896640, 165896640, 165896640, 165896640, 165896640, 165896640, 165896640, 165896640, 165896640, 165896640],
    "cloud_cost": [0, 0, 0],
    "knob_config": [0, 1, 2]
  }
}
